[
{
  "model": "blog.category",
  "pk": 1,
  "fields": {
    "created_at": "2022-12-18T23:03:52.159Z",
    "is_published": true,
    "title": "День как день",
    "slug": "routine",
    "description": "У вас убежало молоко? Вы отразили атаку инопланетян, как и позавчера?\r\nРасскажите, как проходят ваши самые обычные дни."
  }
},
{
  "model": "blog.category",
  "pk": 2,
  "fields": {
    "created_at": "2022-12-18T23:04:21.682Z",
    "is_published": true,
    "title": "Здоровье",
    "slug": "health",
    "description": "Как сохранить физическое здоровье, не растеряв душевного спокойствия? Истории о спорте и ЗОЖ, о болезнях и выздоровлениях — пишите в эту категорию!"
  }
},
{
  "model": "blog.category",
  "pk": 3,
  "fields": {
    "created_at": "2022-12-18T23:04:48.750Z",
    "is_published": true,
    "title": "Наблюдения",
    "slug": "details",
    "description": "Мир полон важными событиями и деталями, о которых не пишут в газетах и не говорят по ТВ. Рассказывайте здесь обо всём, что видите вокруг себя!"
  }
},
{
  "model": "blog.category",
  "pk": 4,
  "fields": {
    "created_at": "2022-12-18T23:05:14.572Z",
    "is_published": true,
    "title": "Посиделки",
    "slug": "party",
    "description": "Вечеринки, встречи, симпозиумы и дискуссии — обо всём этом пишите и читайте в категории «Посиделки». Про интересные zoom-конференции тоже можно."
  }
},
{
  "model": "blog.category",
  "pk": 5,
  "fields": {
    "created_at": "2022-12-18T23:05:41.354Z",
    "is_published": true,
    "title": "Путешествия",
    "slug": "travel",
    "description": "Пишите, читайте и обсуждайте рассказы о путешествиях. Здесь рады всем, кто любит странствия и дорожные байки."
  }
},
{
  "model": "blog.category",
  "pk": 6,
  "fields": {
    "created_at": "2022-12-18T23:06:07.543Z",
    "is_published": true,
    "title": "Работа",
    "slug": "work",
    "description": "Расскажите о своей работе и о том, что вы делаете сейчас. Это категория для публикаций трудоголиков-экстравертов, добро пожаловать!"
  }
},
{
  "model": "blog.location",
  "pk": 1,
  "fields": {
    "created_at": "2022-12-18T23:00:36.479Z",
    "is_published": true,
    "name": "Байона"
  }
},
{
  "model": "blog.location",
  "pk": 2,
  "fields": {
    "created_at": "2022-12-18T23:00:51.057Z",
    "is_published": true,
    "name": "Биарриц"
  }
},
{
  "model": "blog.location",
  "pk": 3,
  "fields": {
    "created_at": "2022-12-18T23:01:08.177Z",
    "is_published": true,
    "name": "Мелихово"
  }
},
{
  "model": "blog.location",
  "pk": 4,
  "fields": {
    "created_at": "2022-12-18T23:01:15.237Z",
    "is_published": true,
    "name": "Монте-Карло"
  }
},
{
  "model": "blog.location",
  "pk": 5,
  "fields": {
    "created_at": "2022-12-18T23:01:34.377Z",
    "is_published": true,
    "name": "Москва"
  }
},
{
  "model": "blog.location",
  "pk": 6,
  "fields": {
    "created_at": "2022-12-18T23:01:47.101Z",
    "is_published": true,
    "name": "Никольское-Обольяниново"
  }
},
{
  "model": "blog.location",
  "pk": 7,
  "fields": {
    "created_at": "2022-12-18T23:02:04.372Z",
    "is_published": true,
    "name": "Ницца"
  }
},
{
  "model": "blog.location",
  "pk": 8,
  "fields": {
    "created_at": "2022-12-18T23:02:08.988Z",
    "is_published": true,
    "name": "Париж"
  }
},
{
  "model": "blog.location",
  "pk": 9,
  "fields": {
    "created_at": "2022-12-18T23:02:15.074Z",
    "is_published": true,
    "name": "Петербург"
  }
},
{
  "model": "blog.location",
  "pk": 10,
  "fields": {
    "created_at": "2022-12-18T23:02:34.910Z",
    "is_published": true,
    "name": "Серпухов"
  }
},
{
  "model": "blog.location",
  "pk": 11,
  "fields": {
    "created_at": "2022-12-18T23:02:38.961Z",
    "is_published": true,
    "name": "Тверь"
  }
},
{
  "model": "blog.location",
  "pk": 12,
  "fields": {
    "created_at": "2022-12-18T23:02:43.798Z",
    "is_published": true,
    "name": "Торжок"
  }
},
{
  "model": "blog.post",
  "pk": 1,
  "fields": {
    "created_at": "2022-12-18T23:06:18.993Z",
    "is_published": true,
    "title": "Обед",
    "text": "Обед у В. А. Морозовой. Были Чупров, Соболевский, Бларамберг, Саблин и я.",
    "pub_date": "1897-02-13T00:00:00Z",
    "author": 3,
    "category": 4,
    "location": 5
  }
},
{
  "model": "blog.post",
  "pk": 2,
  "fields": {
    "created_at": "2022-12-18T23:06:18.995Z",
    "is_published": true,
    "title": "Блины",
    "text": "15 февр. Блины у Солдатенкова. Были только я и Гольцев. Много хороших картин, но почти все они дурно повешены. После блинов поехали к Левитану, у которого Солдатенков купил картину и два этюда за 1 100 р. Знакомство с Поленовым. Вечером был у проф. Остроумова; говорит, что Левитану «не миновать смерти». Сам он болен и, по-видимому, трусит.",
    "pub_date": "1897-02-15T00:00:00Z",
    "author": 3,
    "category": 4,
    "location": 5
  }
},
{
  "model": "blog.post",
  "pk": 3,
  "fields": {
    "created_at": "2022-12-18T23:06:18.998Z",
    "is_published": true,
    "title": "Собрались в редакции «Русской мысли»",
    "text": "16 февр. вечером собрались в редакции «Русской мысли», чтобы поговорить о народном театре. Проект Шехтеля всем нравится.",
    "pub_date": "1897-02-16T00:00:00Z",
    "author": 3,
    "category": 4,
    "location": 5
  }
},
{
  "model": "blog.post",
  "pk": 4,
  "fields": {
    "created_at": "2022-12-18T23:06:19.001Z",
    "is_published": true,
    "title": "Обед в «Континентале»",
    "text": "19-го февр. обед в «Континентале» в память великой реформы. Скучно и нелепо. Обедать, пить шампанское, галдеть, говорить речи на тему о народном самосознании, о народной совести, свободе и т. п. в то время, когда кругом стола снуют рабы во фраках, те же крепостные, и на улице, на морозе ждут кучера, — это значит лгать святому духу.",
    "pub_date": "1897-02-19T00:00:00Z",
    "author": 3,
    "category": 4,
    "location": 5
  }
},
{
  "model": "blog.post",
  "pk": 5,
  "fields": {
    "created_at": "2022-12-18T23:06:19.004Z",
    "is_published": true,
    "title": "Любительский спектакль",
    "text": "22 февр. поехал в Серпухов на любительский спектакль в пользу Новосельской школы. До Царицына меня провожала Ганнеле-Озерова, маленькая королева в изгнании, — актриса, воображающая себя великой, необразованная и немножко вульгарная.",
    "pub_date": "1897-02-22T00:00:00Z",
    "author": 3,
    "category": 1,
    "location": 10
  }
},
{
  "model": "blog.post",
  "pk": 6,
  "fields": {
    "created_at": "2022-12-18T23:06:19.006Z",
    "is_published": true,
    "title": "Кровохарканье",
    "text": "С 25 марта по 10 апреля лежал в клинике Остроумова. Кровохарканье. В обеих верхушках хрипы, выдох; в правой притупление. 28 марта приходил ко мне Толстой Л. Н.; говорили о бессмертии. Я рассказал ему содержание рассказа Носилова «Театр у вогулов» — и он, по-видимому, прослушал с большим удовольствием.",
    "pub_date": "1897-04-10T00:00:00Z",
    "author": 3,
    "category": 2,
    "location": 5
  }
},
{
  "model": "blog.post",
  "pk": 7,
  "fields": {
    "created_at": "2022-12-18T23:06:19.009Z",
    "is_published": true,
    "title": "Приезжал ко мне Иван Щеглов",
    "text": "Приезжал ко мне Иван Щеглов. Благодарит за чай и обед, извиняется, боится опоздать на поезд, много говорит, часто вспоминает о своей жене, как гоголевский Мижуев, сует для прочтения корректуру своей пьесы — то один лист, то другой, хохочет, бранит Меньшикова, которого «проглотил» Толстой, уверяет, что застрелил бы Стасюлевича, если бы последний в качестве президента республики присутствовал на параде, опять хохочет, пачкает свои усы щами, мало ест — и все-таки в конце концов добрый человек.",
    "pub_date": "1897-05-01T00:00:00Z",
    "author": 3,
    "category": 1,
    "location": 5
  }
},
{
  "model": "blog.post",
  "pk": 8,
  "fields": {
    "created_at": "2022-12-18T23:06:19.012Z",
    "is_published": true,
    "title": "Гости",
    "text": "Приходили в гости монахи из монастыря. Приезжала Даша Мусина-Пушкина, вдова инженера Глебова, убитого на охоте, она же Цикада. Много пела.",
    "pub_date": "1897-05-04T00:00:00Z",
    "author": 3,
    "category": 1,
    "location": 3
  }
},
{
  "model": "blog.post",
  "pk": 9,
  "fields": {
    "created_at": "2022-12-18T23:06:19.015Z",
    "is_published": true,
    "title": "Две школы",
    "text": "24 мая экзаменовал в Чиркове две школы: Чирковскую и Михайловскую.",
    "pub_date": "1897-05-24T00:00:00Z",
    "author": 3,
    "category": 1,
    "location": 3
  }
},
{
  "model": "blog.post",
  "pk": 10,
  "fields": {
    "created_at": "2022-12-18T23:06:19.018Z",
    "is_published": true,
    "title": "Освящение школы в Новоселках",
    "text": "13 июля было освящение школы в Новоселках, которую я строил. Крестьяне поднесли мне образ с надписью. Земство отсутствовало.",
    "pub_date": "1897-07-13T00:00:00Z",
    "author": 3,
    "category": 1,
    "location": 3
  }
},
{
  "model": "blog.post",
  "pk": 11,
  "fields": {
    "created_at": "2022-12-18T23:06:19.020Z",
    "is_published": true,
    "title": "Меня пишет художник",
    "text": "Меня пишет художник Браз (для Третьяковской галереи). Позирую по два раза в день.",
    "pub_date": "1897-07-13T00:00:00Z",
    "author": 3,
    "category": 1,
    "location": 3
  }
},
{
  "model": "blog.post",
  "pk": 12,
  "fields": {
    "created_at": "2022-12-18T23:06:19.023Z",
    "is_published": true,
    "title": "Медаль",
    "text": "Получил медаль за перепись.",
    "pub_date": "1897-07-22T00:00:00Z",
    "author": 3,
    "category": 1,
    "location": 9
  }
},
{
  "model": "blog.post",
  "pk": 13,
  "fields": {
    "created_at": "2022-12-18T23:06:19.026Z",
    "is_published": true,
    "title": "Я в Петербурге",
    "text": "Я в Петербурге. Остановился у Суворина, в зале. Виделся с Вл. Тихоновым, который жаловался на свою истерию и хвалил свои произведения; виделся с П. Гнедичем и с Евт<ихием> Карповым, показывавшим мне, как Лейкин играл испанского гранда.",
    "pub_date": "1897-07-23T00:00:00Z",
    "author": 3,
    "category": 1,
    "location": 9
  }
},
{
  "model": "blog.post",
  "pk": 14,
  "fields": {
    "created_at": "2022-12-18T23:06:19.029Z",
    "is_published": true,
    "title": "Клопы",
    "text": "27 июля у Лейкина в Ивановском. 28-го в Москве. В редакции «Русской мысли», в диване клопы.",
    "pub_date": "1897-07-28T00:00:00Z",
    "author": 3,
    "category": 3,
    "location": 5
  }
},
{
  "model": "blog.post",
  "pk": 15,
  "fields": {
    "created_at": "2022-12-18T23:06:19.032Z",
    "is_published": true,
    "title": "Париж",
    "text": "Приехал в Париж. Moulin rouge, danse du ventre, Café du Néan с гробами, Café du Ciel и проч.",
    "pub_date": "1897-09-04T00:00:00Z",
    "author": 3,
    "category": 5,
    "location": 8
  }
},
{
  "model": "blog.post",
  "pk": 16,
  "fields": {
    "created_at": "2022-12-18T23:06:19.034Z",
    "is_published": true,
    "title": "Здесь много русских",
    "text": "В Биаррице. Здесь В. М. Соболевский и В. А. Морозова. Каждый русский в Биаррице жалуется, что здесь много русских.",
    "pub_date": "1897-09-08T00:00:00Z",
    "author": 3,
    "category": 5,
    "location": 2
  }
},
{
  "model": "blog.post",
  "pk": 17,
  "fields": {
    "created_at": "2022-12-18T23:06:19.037Z",
    "is_published": true,
    "title": "Бой с коровами",
    "text": "Байона. Grande course landaise. Бой с коровами.",
    "pub_date": "1897-09-14T00:00:00Z",
    "author": 3,
    "category": 5,
    "location": 1
  }
},
{
  "model": "blog.post",
  "pk": 18,
  "fields": {
    "created_at": "2022-12-18T23:06:19.039Z",
    "is_published": true,
    "title": "Дорога",
    "text": "Из Биаррица в Ниццу через Тулузу.",
    "pub_date": "1897-09-22T00:00:00Z",
    "author": 3,
    "category": 5,
    "location": 7
  }
},
{
  "model": "blog.post",
  "pk": 19,
  "fields": {
    "created_at": "2022-12-18T23:06:19.042Z",
    "is_published": true,
    "title": "Знакомство с Максимом Ковалевским",
    "text": "Ницца. Поселился в Pension Russe. Знакомство с Максимом Ковалевским, завтраки у него в Beaulieu, в обществе Н. И. Юрасова и художника Якоби. В Монте-Карло.",
    "pub_date": "1897-09-23T00:00:00Z",
    "author": 3,
    "category": 4,
    "location": 7
  }
},
{
  "model": "blog.post",
  "pk": 20,
  "fields": {
    "created_at": "2022-12-18T23:06:19.046Z",
    "is_published": true,
    "title": "Признания шпиона",
    "text": "Признания шпиона.",
    "pub_date": "1897-10-07T00:00:00Z",
    "author": 3,
    "category": 6,
    "location": 7
  }
},
{
  "model": "blog.post",
  "pk": 21,
  "fields": {
    "created_at": "2022-12-18T23:06:19.049Z",
    "is_published": true,
    "title": "Неприятное зрелище",
    "text": "Видел, как мать Башкирцевой играла в рулетку. Неприятное зрелище.",
    "pub_date": "1897-10-09T00:00:00Z",
    "author": 3,
    "category": 3,
    "location": 4
  }
},
{
  "model": "blog.post",
  "pk": 22,
  "fields": {
    "created_at": "2022-12-18T23:06:19.052Z",
    "is_published": true,
    "title": "Кража",
    "text": "Монте-Карло. Я видел, как крупье украл золотой.",
    "pub_date": "1897-11-15T00:00:00Z",
    "author": 3,
    "category": 3,
    "location": 4
  }
},
{
  "model": "blog.post",
  "pk": 23,
  "fields": {
    "created_at": "2022-12-18T23:06:19.055Z",
    "is_published": true,
    "title": "Покупки",
    "text": "Приехав от губернатора, я с Гурием Николаевичем отправился для разных покупок. Купили масла чухонского, спирту, колбасы и рыбы. Стерлядь 8 вершков стоит 50 коп. серебром, не дешевле московского. Изготовили стерлядь в паровой кастрюле и поели с большим вкусом. Вечером опять ходили на набережную; все то же, что и вчера, только розовых платков больше. Вода сбыла с лишком на сажень и близ набережной стояли два изящных парохода. Ночь провел еще беспокойнее, чем вчера; теперь чувствую себя довольно хорошо.",
    "pub_date": "1856-04-20T00:00:00Z",
    "author": 4,
    "category": 1,
    "location": 11
  }
},
{
  "model": "blog.post",
  "pk": 24,
  "fields": {
    "created_at": "2022-12-18T23:06:19.059Z",
    "is_published": true,
    "title": "Отдохнули",
    "text": "Вчера поутру был у купца Н. Я. Ворошилова, который обещал сообщить разные сведения о судостроении и судоходстве. Заходил к чудаку купцу Лаврову, который может быть полезен по охоте и рыбной ловле. Потом изготовили для себя бифштекс с картофелем и пообедали. После обеда ходили за Тьмаку удить рыбу. Охотников довольно, и, как видно, очень ловких, но берет только уклейка, потому мы, не ловивши и очень уставши, вернулись домой довольно рано. Отдохнули, поужинали и легли спать. Ночь провел несколько покойнее. Я догадался, отчего у меня по ночам бывает волнение: я, после сидячей жизни, вдруг начал делать очень много движения. Вчера я ходил в одном сюртуке, и то было жарко, вечером слышали первый гром, и шел небольшой дождь. На улицах народной жизни совершенно не заметно, песен вовсе не слыхать. Сегодня поутру должен был отправиться первый пароход из Твери с пассажирами; мы встали в 7-м часу и пошли на набережную; но пароход почему-то не пошел. Рядом с двумя первыми стоит третий пароход точно такой же величины и изящества, так что их трудно отличить один от другого. Пришли домой и занялись чаем, явился купец Лавров и между прочими рассказами уведомил нас, что в Твери страшные грабежи. Когда я спросил, отчего не слыхать песен, он отвечал, что полиция гораздо строже смотрит на песни, чем на грабежи.",
    "pub_date": "1856-04-21T00:00:00Z",
    "author": 4,
    "category": 4,
    "location": 11
  }
},
{
  "model": "blog.post",
  "pk": 25,
  "fields": {
    "created_at": "2022-12-18T23:06:19.062Z",
    "is_published": true,
    "title": "Ходили за Тьмаку.",
    "text": "В субботу вместе с Лавровым ходили за Тьмаку. Смотрели суконную фабрику, выстроенную компанией московских купцов в огромных; размерах. Берега Тьмаки усеяны рыболовами, которые ловят на удочку уклейку. Один рыбак (вероятно, охотник) ловил рыбу, стоя в маленьком челноке, который имел не более вершка запасу над водой и менее 2 сажен длины. Управляя одним веслом, он закидывал небольшую сеть, узкую и длинную, с поплавками, чтобы она одной стороной держалась на воде, собирал ее, выбирал и бросал в челнок, и все это с неимоверным соблюдением баланса, иначе он непременно должен был опрокинуться и с челноком. Вечер провели дома в разных занятиях. В воскресенье ездили смотреть заволжские кварталы. Вечером был Лавров, наболтал с три короба, -- впрочем, говорил и дело, -- о злоупотреблениях градских голов. Сегодня за дело, довольно гулять. Еду к разным должностным лицам.",
    "pub_date": "1856-04-23T00:00:00Z",
    "author": 4,
    "category": 3,
    "location": 11
  }
},
{
  "model": "blog.post",
  "pk": 26,
  "fields": {
    "created_at": "2022-12-18T23:06:19.066Z",
    "is_published": true,
    "title": "Просидел весь день дома",
    "text": "В понедельник утром был у Колышкина. Он еще в Москве. По случаю табельного дня должностные лица были у обедни. Просидел весь день дома. Вчера поутру часов в 6 ходили смотреть, как отходят пароходы, был у Колышкина, он все еще не приезжал. По случаю дурной погоды просидел вечер дома. Сегодня еду опять к Колышкину. Что-то бог даст?",
    "pub_date": "1856-04-25T00:00:00Z",
    "author": 4,
    "category": 1,
    "location": 11
  }
},
{
  "model": "blog.post",
  "pk": 27,
  "fields": {
    "created_at": "2022-12-18T23:06:19.068Z",
    "is_published": true,
    "title": "Пообедали в трактире",
    "text": "В середу Колышкина не застал. Пообедали в трактире. В 5-м часу поехал на железную дорогу в надежде встретить Григорьева, Григорьев не приехал. На станции встретил Д. Г. Ржевского, о котором совсем было забыл. Виделся с Краевским, который ехал в Петербург. Вечером был у Ржевского, там возобновил знакомство с Уньковским, с которым познакомился в прошлый приезд в Тверь. Он теперь судьей; человек веселый, открытый и очень умный. В четверг утром был у Колышкина и нашел в нем весьма дельного и милого человека. Он обещал сообщить мне все сведения, какие может. Обедал дома. Вечером играли с Лавровым в карты. Сегодня сижу дома, жду визитов. Вот уже четвертый день ненастная погода мешает мне ловить рыбу, а сегодня даже очень холодно.",
    "pub_date": "1856-04-27T00:00:00Z",
    "author": 4,
    "category": 4,
    "location": 11
  }
},
{
  "model": "blog.post",
  "pk": 28,
  "fields": {
    "created_at": "2022-12-18T23:06:19.071Z",
    "is_published": true,
    "title": "Колышкин",
    "text": "Среди дня был Колышкин, привез описание Тверской губернии и обещал доставить в понедельник сведения. Вечером был у Ржевского. Там был Уньковский и учитель Гарусов (чудак естественный); провели время очень приятно. Вчера поутру был дома. Заезжал Уньковский. Обедал у него. Были Ржевский, Гэрусов и Козаков, человек замечательный, хотя тоже чудак. Ездил на дорогу встречать Ганю. Часов в 7 гуляли, показывал ей Тверь. Вечером был Лавров. Сегодня поутру ходили на рынок, купили сморчков, отличные удилища, каких нет в Москве, по 2 копейки серебром.",
    "pub_date": "1856-04-29T00:00:00Z",
    "author": 4,
    "category": 4,
    "location": 11
  }
},
{
  "model": "blog.post",
  "pk": 29,
  "fields": {
    "created_at": "2022-12-18T23:06:19.074Z",
    "is_published": true,
    "title": "Ночь не спал",
    "text": "Середа. 2-е мая. 10 часов утра.\r\n(Продолжение). Пообедали дома, потом ходили рыбу ловить. Поймали только двух окуней. Вечером был Лавров, играли в карты. В понедельник до вечера просидел с Ганей дома. Был Уньковский. Вечером ходил не надолго к Колышкину. Там познакомился с Преображенским. Поужинали дома, ночь не спал. Ездил провожать Ганю на дорогу, видели превосходное утро и восход солнца. Поутру гуляли по набережной. После обеда был Преображенский, наговорил много хорошего. Вечером был у Ржевских.",
    "pub_date": "1856-05-02T00:00:00Z",
    "author": 4,
    "category": 4,
    "location": 11
  }
},
{
  "model": "blog.post",
  "pk": 30,
  "fields": {
    "created_at": "2022-12-18T23:06:19.077Z",
    "is_published": true,
    "title": "Продолжение",
    "text": "Суббота. 5 мая (продолжение).\r\nВчера по дороге из Городни заезжали в Кошелево к священнику, у которого думали найти документы о Городне, но нашли только то, что уже видел Преображенский. Часа в 2 приехали в Тверь. Вечером был у Уньковского и познакомился там с Потуловым, назначенным губернатором в Оренбург. Сегодня были Уньковский и Лавров, просидел дома. Начал статью о Городне.",
    "pub_date": "1856-05-05T00:00:00Z",
    "author": 4,
    "category": 6,
    "location": 11
  }
},
{
  "model": "blog.post",
  "pk": 31,
  "fields": {
    "created_at": "2022-12-18T23:06:19.080Z",
    "is_published": true,
    "title": "Получил Русскую беседу",
    "text": "Получил Русскую беседу и письмо Дрианского, с приложением Городского листка, где подлецы, воспользовавшись моим отсутствием, изблевали новую гадость. Напишу об этом в Московские ведомости. Был очень огорчен и не мог ни за что приняться.",
    "pub_date": "1856-05-06T00:00:00Z",
    "author": 4,
    "category": 1,
    "location": 11
  }
},
{
  "model": "blog.post",
  "pk": 32,
  "fields": {
    "created_at": "2022-12-18T23:06:19.083Z",
    "is_published": true,
    "title": "Немного успокоился",
    "text": "Вчера читал Русскую беседу и немного успокоился. Вечером был Колышкин. Сегодня еду в статистический комитет и к губернатору.",
    "pub_date": "1856-05-08T00:00:00Z",
    "author": 4,
    "category": 1,
    "location": 11
  }
},
{
  "model": "blog.post",
  "pk": 33,
  "fields": {
    "created_at": "2022-12-18T23:06:19.086Z",
    "is_published": true,
    "title": "Поздравил Колышкина",
    "text": "Вчера у губернатора не был, нельзя было ехать Колышкину. Сегодня был у Колышкина, поздравил его с ангелом. Ездили с ним к губернатору, который принял нас очень хорошо. Обедал у Уньковского, там были Ржевский, инспектор Оренбургской губернии и Козаков; читал \"Свои люди -- сочтемся\".",
    "pub_date": "1856-05-09T00:00:00Z",
    "author": 4,
    "category": 4,
    "location": 11
  }
},
{
  "model": "blog.post",
  "pk": 34,
  "fields": {
    "created_at": "2022-12-18T23:06:19.088Z",
    "is_published": true,
    "title": "Полночь. Торжок.",
    "text": "10 мая. 12 часов. Полночь. Торжок.\r\nСегодня поутру собирались. Пообедали, взяли Лаврова с собой и поехали в Торжок.",
    "pub_date": "1856-05-10T00:00:00Z",
    "author": 4,
    "category": 5,
    "location": 12
  }
},
{
  "model": "blog.post",
  "pk": 35,
  "fields": {
    "created_at": "2022-12-18T23:06:19.091Z",
    "is_published": true,
    "title": "Ходили по городу",
    "text": "Ходили по городу, который расположен на горах. Вид с бульвара на ту сторону Тверцы выше всякой похвалы. Был городничий. Потом был винный пристав Развадовский (рыболов). Рекомендовался так: честь имею представиться, человек с большими усами и малыми способностями. Замечателен костюм здешних женщин и гулянье девушек по вечерам на бульваре.",
    "pub_date": "1856-05-11T00:00:00Z",
    "author": 4,
    "category": 3,
    "location": 12
  }
},
{
  "model": "blog.post",
  "pk": 36,
  "fields": {
    "created_at": "2022-12-18T23:06:19.094Z",
    "is_published": true,
    "title": "Жив. Совершенно здоров.",
    "text": "Жив. Совершенно здоров. Нынче писал доволь[но] хорошо. Вечером после обеда ходил в Щелково. Очень была приятна прогулка при лунном свете. Написал письмо Поше, открытое. Получил письмо от Трегубова. Раздражается за то, что перехватывают письма. А я не досадую. Понял, что надо жалеть их, и истинно жалею. Завтра едем. Мы здесь целый месяц.",
    "pub_date": "1897-03-02T00:00:00Z",
    "author": 2,
    "category": 6,
    "location": 6
  }
},
{
  "model": "blog.post",
  "pk": 37,
  "fields": {
    "created_at": "2022-12-18T23:06:19.097Z",
    "is_published": true,
    "title": "Утром почти не занимался",
    "text": "Утром почти не занимался. Запнулся над историческим ходом искусства. Гулял. После обеда поехал. Приехал в 10. Дома хорошо бы, да не дружно.",
    "pub_date": "1897-03-04T00:00:00Z",
    "author": 2,
    "category": 1,
    "location": 5
  }
},
{
  "model": "blog.post",
  "pk": 38,
  "fields": {
    "created_at": "2022-12-18T23:06:19.099Z",
    "is_published": true,
    "title": "Батюшки, сколько дней пропустил",
    "text": "Батюшки, сколько дней пропустил. Нынче 9 Мар. Москва. Из этих 4-х дней дня два писал Об искусстве и нынче довольно много. Очень захотелось писать Х[аджи]-М[урата] и как-то хорошо обдумалось — умилительно. От Поши письмо; написал Ч[ерткову] и Кони о страшном событии с Ветровой. Не буду писать, что записано. Всё в том же спокойном, п[отому] ч[то] любовном настроении. Как только хочется огорчиться, устать, вспомню про Бога и про то, что дело мое одно: любить, не думая о том, что будет, и сейчас легко. Таня уезжает в Ясную.",
    "pub_date": "1897-03-09T00:00:00Z",
    "author": 2,
    "category": 1,
    "location": 5
  }
},
{
  "model": "blog.post",
  "pk": 39,
  "fields": {
    "created_at": "2022-12-18T23:06:19.102Z",
    "is_published": true,
    "title": "Не дурно прожил",
    "text": "Не дурно прожил. Вижу конец в статье об искусстве. Всё то же спокойствие. Благодарю Бога. Сейчас написал письма. Вечер. Иду в скучную гостин[ую].",
    "pub_date": "1897-03-15T00:00:00Z",
    "author": 2,
    "category": 1,
    "location": 5
  }
},
{
  "model": "admin.logentry",
  "pk": 1,
  "fields": {
    "action_time": "2022-12-18T22:58:32.970Z",
    "user": 1,
    "content_type": 7,
    "object_id": "2",
    "object_repr": "leo",
    "action_flag": 1,
    "change_message": "[{\"added\": {}}]"
  }
},
{
  "model": "admin.logentry",
  "pk": 2,
  "fields": {
    "action_time": "2022-12-18T22:58:46.672Z",
    "user": 1,
    "content_type": 7,
    "object_id": "3",
    "object_repr": "anton",
    "action_flag": 1,
    "change_message": "[{\"added\": {}}]"
  }
},
{
  "model": "admin.logentry",
  "pk": 3,
  "fields": {
    "action_time": "2022-12-18T22:58:59.142Z",
    "user": 1,
    "content_type": 7,
    "object_id": "4",
    "object_repr": "alex",
    "action_flag": 1,
    "change_message": "[{\"added\": {}}]"
  }
},
{
  "model": "admin.logentry",
  "pk": 4,
  "fields": {
    "action_time": "2022-12-18T22:59:22.949Z",
    "user": 1,
    "content_type": 7,
    "object_id": "2",
    "object_repr": "leo",
    "action_flag": 2,
    "change_message": "[{\"changed\": {\"fields\": [\"First name\", \"Last name\"]}}]"
  }
},
{
  "model": "admin.logentry",
  "pk": 5,
  "fields": {
    "action_time": "2022-12-18T22:59:35.767Z",
    "user": 1,
    "content_type": 7,
    "object_id": "3",
    "object_repr": "anton",
    "action_flag": 2,
    "change_message": "[{\"changed\": {\"fields\": [\"First name\", \"Last name\"]}}]"
  }
},
{
  "model": "admin.logentry",
  "pk": 6,
  "fields": {
    "action_time": "2022-12-18T23:00:05.266Z",
    "user": 1,
    "content_type": 7,
    "object_id": "4",
    "object_repr": "alex",
    "action_flag": 2,
    "change_message": "[{\"changed\": {\"fields\": [\"First name\", \"Last name\"]}}]"
  }
},
{
  "model": "admin.logentry",
  "pk": 7,
  "fields": {
    "action_time": "2022-12-18T23:00:36.481Z",
    "user": 1,
    "content_type": 2,
    "object_id": "1",
    "object_repr": "Байона",
    "action_flag": 1,
    "change_message": "[{\"added\": {}}]"
  }
},
{
  "model": "admin.logentry",
  "pk": 8,
  "fields": {
    "action_time": "2022-12-18T23:00:51.058Z",
    "user": 1,
    "content_type": 2,
    "object_id": "2",
    "object_repr": "Биарриц",
    "action_flag": 1,
    "change_message": "[{\"added\": {}}]"
  }
},
{
  "model": "admin.logentry",
  "pk": 9,
  "fields": {
    "action_time": "2022-12-18T23:01:08.179Z",
    "user": 1,
    "content_type": 2,
    "object_id": "3",
    "object_repr": "Мелихово",
    "action_flag": 1,
    "change_message": "[{\"added\": {}}]"
  }
},
{
  "model": "admin.logentry",
  "pk": 10,
  "fields": {
    "action_time": "2022-12-18T23:01:15.239Z",
    "user": 1,
    "content_type": 2,
    "object_id": "4",
    "object_repr": "Монте-Карло",
    "action_flag": 1,
    "change_message": "[{\"added\": {}}]"
  }
},
{
  "model": "admin.logentry",
  "pk": 11,
  "fields": {
    "action_time": "2022-12-18T23:01:34.379Z",
    "user": 1,
    "content_type": 2,
    "object_id": "5",
    "object_repr": "Москва",
    "action_flag": 1,
    "change_message": "[{\"added\": {}}]"
  }
},
{
  "model": "admin.logentry",
  "pk": 12,
  "fields": {
    "action_time": "2022-12-18T23:01:47.104Z",
    "user": 1,
    "content_type": 2,
    "object_id": "6",
    "object_repr": "Никольское-Обольяниново",
    "action_flag": 1,
    "change_message": "[{\"added\": {}}]"
  }
},
{
  "model": "admin.logentry",
  "pk": 13,
  "fields": {
    "action_time": "2022-12-18T23:02:04.374Z",
    "user": 1,
    "content_type": 2,
    "object_id": "7",
    "object_repr": "Ницца",
    "action_flag": 1,
    "change_message": "[{\"added\": {}}]"
  }
},
{
  "model": "admin.logentry",
  "pk": 14,
  "fields": {
    "action_time": "2022-12-18T23:02:08.990Z",
    "user": 1,
    "content_type": 2,
    "object_id": "8",
    "object_repr": "Париж",
    "action_flag": 1,
    "change_message": "[{\"added\": {}}]"
  }
},
{
  "model": "admin.logentry",
  "pk": 15,
  "fields": {
    "action_time": "2022-12-18T23:02:15.076Z",
    "user": 1,
    "content_type": 2,
    "object_id": "9",
    "object_repr": "Петербург",
    "action_flag": 1,
    "change_message": "[{\"added\": {}}]"
  }
},
{
  "model": "admin.logentry",
  "pk": 16,
  "fields": {
    "action_time": "2022-12-18T23:02:34.914Z",
    "user": 1,
    "content_type": 2,
    "object_id": "10",
    "object_repr": "Серпухов",
    "action_flag": 1,
    "change_message": "[{\"added\": {}}]"
  }
},
{
  "model": "admin.logentry",
  "pk": 17,
  "fields": {
    "action_time": "2022-12-18T23:02:38.963Z",
    "user": 1,
    "content_type": 2,
    "object_id": "11",
    "object_repr": "Тверь",
    "action_flag": 1,
    "change_message": "[{\"added\": {}}]"
  }
},
{
  "model": "admin.logentry",
  "pk": 18,
  "fields": {
    "action_time": "2022-12-18T23:02:43.799Z",
    "user": 1,
    "content_type": 2,
    "object_id": "12",
    "object_repr": "Торжок",
    "action_flag": 1,
    "change_message": "[{\"added\": {}}]"
  }
},
{
  "model": "admin.logentry",
  "pk": 19,
  "fields": {
    "action_time": "2022-12-18T23:03:52.162Z",
    "user": 1,
    "content_type": 1,
    "object_id": "1",
    "object_repr": "День как день",
    "action_flag": 1,
    "change_message": "[{\"added\": {}}]"
  }
},
{
  "model": "admin.logentry",
  "pk": 20,
  "fields": {
    "action_time": "2022-12-18T23:04:21.683Z",
    "user": 1,
    "content_type": 1,
    "object_id": "2",
    "object_repr": "Здоровье",
    "action_flag": 1,
    "change_message": "[{\"added\": {}}]"
  }
},
{
  "model": "admin.logentry",
  "pk": 21,
  "fields": {
    "action_time": "2022-12-18T23:04:48.752Z",
    "user": 1,
    "content_type": 1,
    "object_id": "3",
    "object_repr": "Наблюдения",
    "action_flag": 1,
    "change_message": "[{\"added\": {}}]"
  }
},
{
  "model": "admin.logentry",
  "pk": 22,
  "fields": {
    "action_time": "2022-12-18T23:05:14.574Z",
    "user": 1,
    "content_type": 1,
    "object_id": "4",
    "object_repr": "Посиделки",
    "action_flag": 1,
    "change_message": "[{\"added\": {}}]"
  }
},
{
  "model": "admin.logentry",
  "pk": 23,
  "fields": {
    "action_time": "2022-12-18T23:05:41.356Z",
    "user": 1,
    "content_type": 1,
    "object_id": "5",
    "object_repr": "Путешествия",
    "action_flag": 1,
    "change_message": "[{\"added\": {}}]"
  }
},
{
  "model": "admin.logentry",
  "pk": 24,
  "fields": {
    "action_time": "2022-12-18T23:06:07.546Z",
    "user": 1,
    "content_type": 1,
    "object_id": "6",
    "object_repr": "Работа",
    "action_flag": 1,
    "change_message": "[{\"added\": {}}]"
  }
},
{
  "model": "admin.logentry",
  "pk": 25,
  "fields": {
    "action_time": "2022-12-18T23:08:09.337Z",
    "user": 1,
    "content_type": 3,
    "object_id": "2",
    "object_repr": "Блины",
    "action_flag": 2,
    "change_message": "[{\"changed\": {\"fields\": [\"\\u0417\\u0430\\u0433\\u043e\\u043b\\u043e\\u0432\\u043e\\u043a\"]}}]"
  }
},
{
  "model": "admin.logentry",
  "pk": 26,
  "fields": {
    "action_time": "2022-12-18T23:08:31.327Z",
    "user": 1,
    "content_type": 3,
    "object_id": "22",
    "object_repr": "Кража",
    "action_flag": 2,
    "change_message": "[{\"changed\": {\"fields\": [\"\\u0417\\u0430\\u0433\\u043e\\u043b\\u043e\\u0432\\u043e\\u043a\"]}}]"
  }
},
{
  "model": "admin.logentry",
  "pk": 27,
  "fields": {
    "action_time": "2022-12-18T23:08:44.897Z",
    "user": 1,
    "content_type": 3,
    "object_id": "21",
    "object_repr": "Неприятное зрелище",
    "action_flag": 2,
    "change_message": "[{\"changed\": {\"fields\": [\"\\u0417\\u0430\\u0433\\u043e\\u043b\\u043e\\u0432\\u043e\\u043a\"]}}]"
  }
},
{
  "model": "admin.logentry",
  "pk": 28,
  "fields": {
    "action_time": "2022-12-18T23:09:09.960Z",
    "user": 1,
    "content_type": 3,
    "object_id": "20",
    "object_repr": "Признания шпиона",
    "action_flag": 2,
    "change_message": "[{\"changed\": {\"fields\": [\"\\u0417\\u0430\\u0433\\u043e\\u043b\\u043e\\u0432\\u043e\\u043a\", \"\\u0422\\u0435\\u043a\\u0441\\u0442\"]}}]"
  }
},
{
  "model": "admin.logentry",
  "pk": 29,
  "fields": {
    "action_time": "2022-12-18T23:09:22.383Z",
    "user": 1,
    "content_type": 3,
    "object_id": "22",
    "object_repr": "Кража",
    "action_flag": 2,
    "change_message": "[{\"changed\": {\"fields\": [\"\\u0422\\u0435\\u043a\\u0441\\u0442\"]}}]"
  }
},
{
  "model": "admin.logentry",
  "pk": 30,
  "fields": {
    "action_time": "2022-12-18T23:09:27.837Z",
    "user": 1,
    "content_type": 3,
    "object_id": "21",
    "object_repr": "Неприятное зрелище",
    "action_flag": 2,
    "change_message": "[{\"changed\": {\"fields\": [\"\\u0422\\u0435\\u043a\\u0441\\u0442\"]}}]"
  }
},
{
  "model": "admin.logentry",
  "pk": 31,
  "fields": {
    "action_time": "2022-12-18T23:09:45.708Z",
    "user": 1,
    "content_type": 3,
    "object_id": "19",
    "object_repr": "Знакомство с Максимом Ковалевским",
    "action_flag": 2,
    "change_message": "[{\"changed\": {\"fields\": [\"\\u0417\\u0430\\u0433\\u043e\\u043b\\u043e\\u0432\\u043e\\u043a\", \"\\u0422\\u0435\\u043a\\u0441\\u0442\"]}}]"
  }
},
{
  "model": "admin.logentry",
  "pk": 32,
  "fields": {
    "action_time": "2022-12-18T23:10:06.162Z",
    "user": 1,
    "content_type": 3,
    "object_id": "18",
    "object_repr": "Дорога",
    "action_flag": 2,
    "change_message": "[{\"changed\": {\"fields\": [\"\\u0417\\u0430\\u0433\\u043e\\u043b\\u043e\\u0432\\u043e\\u043a\", \"\\u0422\\u0435\\u043a\\u0441\\u0442\"]}}]"
  }
},
{
  "model": "admin.logentry",
  "pk": 33,
  "fields": {
    "action_time": "2022-12-18T23:10:29.853Z",
    "user": 1,
    "content_type": 3,
    "object_id": "17",
    "object_repr": "Бой с коровами",
    "action_flag": 2,
    "change_message": "[{\"changed\": {\"fields\": [\"\\u0417\\u0430\\u0433\\u043e\\u043b\\u043e\\u0432\\u043e\\u043a\", \"\\u0422\\u0435\\u043a\\u0441\\u0442\"]}}]"
  }
},
{
  "model": "admin.logentry",
  "pk": 34,
  "fields": {
    "action_time": "2022-12-18T23:11:06.540Z",
    "user": 1,
    "content_type": 3,
    "object_id": "16",
    "object_repr": "Здесь много русских",
    "action_flag": 2,
    "change_message": "[{\"changed\": {\"fields\": [\"\\u0417\\u0430\\u0433\\u043e\\u043b\\u043e\\u0432\\u043e\\u043a\", \"\\u0422\\u0435\\u043a\\u0441\\u0442\"]}}]"
  }
},
{
  "model": "admin.logentry",
  "pk": 35,
  "fields": {
    "action_time": "2022-12-18T23:11:20.482Z",
    "user": 1,
    "content_type": 3,
    "object_id": "15",
    "object_repr": "Париж",
    "action_flag": 2,
    "change_message": "[{\"changed\": {\"fields\": [\"\\u0417\\u0430\\u0433\\u043e\\u043b\\u043e\\u0432\\u043e\\u043a\", \"\\u0422\\u0435\\u043a\\u0441\\u0442\"]}}]"
  }
},
{
  "model": "admin.logentry",
  "pk": 36,
  "fields": {
    "action_time": "2022-12-18T23:12:07.616Z",
    "user": 1,
    "content_type": 3,
    "object_id": "14",
    "object_repr": "Клопы",
    "action_flag": 2,
    "change_message": "[{\"changed\": {\"fields\": [\"\\u0417\\u0430\\u0433\\u043e\\u043b\\u043e\\u0432\\u043e\\u043a\"]}}]"
  }
},
{
  "model": "admin.logentry",
  "pk": 37,
  "fields": {
    "action_time": "2022-12-18T23:12:24.037Z",
    "user": 1,
    "content_type": 3,
    "object_id": "13",
    "object_repr": "Я в Петербурге",
    "action_flag": 2,
    "change_message": "[{\"changed\": {\"fields\": [\"\\u0417\\u0430\\u0433\\u043e\\u043b\\u043e\\u0432\\u043e\\u043a\", \"\\u0422\\u0435\\u043a\\u0441\\u0442\"]}}]"
  }
},
{
  "model": "admin.logentry",
  "pk": 38,
  "fields": {
    "action_time": "2022-12-18T23:12:42.230Z",
    "user": 1,
    "content_type": 3,
    "object_id": "12",
    "object_repr": "Медаль",
    "action_flag": 2,
    "change_message": "[{\"changed\": {\"fields\": [\"\\u0417\\u0430\\u0433\\u043e\\u043b\\u043e\\u0432\\u043e\\u043a\", \"\\u0422\\u0435\\u043a\\u0441\\u0442\"]}}]"
  }
},
{
  "model": "admin.logentry",
  "pk": 39,
  "fields": {
    "action_time": "2022-12-18T23:12:57.698Z",
    "user": 1,
    "content_type": 3,
    "object_id": "11",
    "object_repr": "Меня пишет художник",
    "action_flag": 2,
    "change_message": "[{\"changed\": {\"fields\": [\"\\u0417\\u0430\\u0433\\u043e\\u043b\\u043e\\u0432\\u043e\\u043a\"]}}]"
  }
},
{
  "model": "admin.logentry",
  "pk": 40,
  "fields": {
    "action_time": "2022-12-18T23:13:18.786Z",
    "user": 1,
    "content_type": 3,
    "object_id": "10",
    "object_repr": "Освящение школы в Новоселках",
    "action_flag": 2,
    "change_message": "[{\"changed\": {\"fields\": [\"\\u0417\\u0430\\u0433\\u043e\\u043b\\u043e\\u0432\\u043e\\u043a\"]}}]"
  }
},
{
  "model": "admin.logentry",
  "pk": 41,
  "fields": {
    "action_time": "2022-12-18T23:13:52.846Z",
    "user": 1,
    "content_type": 3,
    "object_id": "9",
    "object_repr": "Две школы",
    "action_flag": 2,
    "change_message": "[{\"changed\": {\"fields\": [\"\\u0417\\u0430\\u0433\\u043e\\u043b\\u043e\\u0432\\u043e\\u043a\"]}}]"
  }
},
{
  "model": "admin.logentry",
  "pk": 42,
  "fields": {
    "action_time": "2022-12-18T23:14:07.781Z",
    "user": 1,
    "content_type": 3,
    "object_id": "8",
    "object_repr": "Гости",
    "action_flag": 2,
    "change_message": "[{\"changed\": {\"fields\": [\"\\u0417\\u0430\\u0433\\u043e\\u043b\\u043e\\u0432\\u043e\\u043a\", \"\\u0422\\u0435\\u043a\\u0441\\u0442\"]}}]"
  }
},
{
  "model": "admin.logentry",
  "pk": 43,
  "fields": {
    "action_time": "2022-12-18T23:14:22.249Z",
    "user": 1,
    "content_type": 3,
    "object_id": "7",
    "object_repr": "Приезжал ко мне Иван Щеглов",
    "action_flag": 2,
    "change_message": "[{\"changed\": {\"fields\": [\"\\u0417\\u0430\\u0433\\u043e\\u043b\\u043e\\u0432\\u043e\\u043a\", \"\\u0422\\u0435\\u043a\\u0441\\u0442\"]}}]"
  }
},
{
  "model": "admin.logentry",
  "pk": 44,
  "fields": {
    "action_time": "2022-12-18T23:14:35.935Z",
    "user": 1,
    "content_type": 3,
    "object_id": "6",
    "object_repr": "Кровохарканье",
    "action_flag": 2,
    "change_message": "[{\"changed\": {\"fields\": [\"\\u0417\\u0430\\u0433\\u043e\\u043b\\u043e\\u0432\\u043e\\u043a\"]}}]"
  }
},
{
  "model": "admin.logentry",
  "pk": 45,
  "fields": {
    "action_time": "2022-12-18T23:14:48.299Z",
    "user": 1,
    "content_type": 3,
    "object_id": "39",
    "object_repr": "Не дурно прожил",
    "action_flag": 2,
    "change_message": "[]"
  }
},
{
  "model": "admin.logentry",
  "pk": 46,
  "fields": {
    "action_time": "2022-12-18T23:15:10.444Z",
    "user": 1,
    "content_type": 3,
    "object_id": "38",
    "object_repr": "Батюшки, сколько дней пропустил",
    "action_flag": 2,
    "change_message": "[{\"changed\": {\"fields\": [\"\\u0417\\u0430\\u0433\\u043e\\u043b\\u043e\\u0432\\u043e\\u043a\"]}}]"
  }
},
{
  "model": "admin.logentry",
  "pk": 47,
  "fields": {
    "action_time": "2022-12-18T23:15:29.280Z",
    "user": 1,
    "content_type": 3,
    "object_id": "37",
    "object_repr": "Утром почти не занимался",
    "action_flag": 2,
    "change_message": "[{\"changed\": {\"fields\": [\"\\u0417\\u0430\\u0433\\u043e\\u043b\\u043e\\u0432\\u043e\\u043a\"]}}]"
  }
},
{
  "model": "admin.logentry",
  "pk": 48,
  "fields": {
    "action_time": "2022-12-18T23:15:44.033Z",
    "user": 1,
    "content_type": 3,
    "object_id": "36",
    "object_repr": "Жив. Совершенно здоров.",
    "action_flag": 2,
    "change_message": "[{\"changed\": {\"fields\": [\"\\u0417\\u0430\\u0433\\u043e\\u043b\\u043e\\u0432\\u043e\\u043a\"]}}]"
  }
},
{
  "model": "admin.logentry",
  "pk": 49,
  "fields": {
    "action_time": "2022-12-18T23:16:07.581Z",
    "user": 1,
    "content_type": 3,
    "object_id": "5",
    "object_repr": "Любительский спектакль",
    "action_flag": 2,
    "change_message": "[{\"changed\": {\"fields\": [\"\\u0417\\u0430\\u0433\\u043e\\u043b\\u043e\\u0432\\u043e\\u043a\"]}}]"
  }
},
{
  "model": "admin.logentry",
  "pk": 50,
  "fields": {
    "action_time": "2022-12-18T23:16:30.714Z",
    "user": 1,
    "content_type": 3,
    "object_id": "4",
    "object_repr": "Обед в «Континентале»",
    "action_flag": 2,
    "change_message": "[{\"changed\": {\"fields\": [\"\\u0417\\u0430\\u0433\\u043e\\u043b\\u043e\\u0432\\u043e\\u043a\"]}}]"
  }
},
{
  "model": "admin.logentry",
  "pk": 51,
  "fields": {
    "action_time": "2022-12-18T23:17:02.556Z",
    "user": 1,
    "content_type": 3,
    "object_id": "3",
    "object_repr": "Собрались в редакции «Русской мысли»",
    "action_flag": 2,
    "change_message": "[{\"changed\": {\"fields\": [\"\\u0417\\u0430\\u0433\\u043e\\u043b\\u043e\\u0432\\u043e\\u043a\"]}}]"
  }
},
{
  "model": "admin.logentry",
  "pk": 52,
  "fields": {
    "action_time": "2022-12-18T23:17:23.935Z",
    "user": 1,
    "content_type": 3,
    "object_id": "1",
    "object_repr": "Обед",
    "action_flag": 2,
    "change_message": "[{\"changed\": {\"fields\": [\"\\u0417\\u0430\\u0433\\u043e\\u043b\\u043e\\u0432\\u043e\\u043a\", \"\\u0422\\u0435\\u043a\\u0441\\u0442\"]}}]"
  }
},
{
  "model": "admin.logentry",
  "pk": 53,
  "fields": {
    "action_time": "2022-12-18T23:17:50.476Z",
    "user": 1,
    "content_type": 3,
    "object_id": "35",
    "object_repr": "Ходили по городу",
    "action_flag": 2,
    "change_message": "[{\"changed\": {\"fields\": [\"\\u0417\\u0430\\u0433\\u043e\\u043b\\u043e\\u0432\\u043e\\u043a\", \"\\u0422\\u0435\\u043a\\u0441\\u0442\"]}}]"
  }
},
{
  "model": "admin.logentry",
  "pk": 54,
  "fields": {
    "action_time": "2022-12-18T23:18:06.016Z",
    "user": 1,
    "content_type": 3,
    "object_id": "34",
    "object_repr": "Полночь. Торжок.",
    "action_flag": 2,
    "change_message": "[{\"changed\": {\"fields\": [\"\\u0417\\u0430\\u0433\\u043e\\u043b\\u043e\\u0432\\u043e\\u043a\", \"\\u0422\\u0435\\u043a\\u0441\\u0442\"]}}]"
  }
},
{
  "model": "admin.logentry",
  "pk": 55,
  "fields": {
    "action_time": "2022-12-18T23:18:36.660Z",
    "user": 1,
    "content_type": 3,
    "object_id": "33",
    "object_repr": "Поздравил Колышкина",
    "action_flag": 2,
    "change_message": "[{\"changed\": {\"fields\": [\"\\u0417\\u0430\\u0433\\u043e\\u043b\\u043e\\u0432\\u043e\\u043a\", \"\\u0422\\u0435\\u043a\\u0441\\u0442\"]}}]"
  }
},
{
  "model": "admin.logentry",
  "pk": 56,
  "fields": {
    "action_time": "2022-12-18T23:19:08.499Z",
    "user": 1,
    "content_type": 3,
    "object_id": "32",
    "object_repr": "Немного успокоился",
    "action_flag": 2,
    "change_message": "[{\"changed\": {\"fields\": [\"\\u0417\\u0430\\u0433\\u043e\\u043b\\u043e\\u0432\\u043e\\u043a\", \"\\u0422\\u0435\\u043a\\u0441\\u0442\"]}}]"
  }
},
{
  "model": "admin.logentry",
  "pk": 57,
  "fields": {
    "action_time": "2022-12-18T23:19:28.188Z",
    "user": 1,
    "content_type": 3,
    "object_id": "31",
    "object_repr": "Получил Русскую беседу",
    "action_flag": 2,
    "change_message": "[{\"changed\": {\"fields\": [\"\\u0417\\u0430\\u0433\\u043e\\u043b\\u043e\\u0432\\u043e\\u043a\", \"\\u0422\\u0435\\u043a\\u0441\\u0442\"]}}]"
  }
},
{
  "model": "admin.logentry",
  "pk": 58,
  "fields": {
    "action_time": "2022-12-18T23:19:56.617Z",
    "user": 1,
    "content_type": 3,
    "object_id": "30",
    "object_repr": "Продолжение",
    "action_flag": 2,
    "change_message": "[{\"changed\": {\"fields\": [\"\\u0417\\u0430\\u0433\\u043e\\u043b\\u043e\\u0432\\u043e\\u043a\", \"\\u0422\\u0435\\u043a\\u0441\\u0442\"]}}]"
  }
},
{
  "model": "admin.logentry",
  "pk": 59,
  "fields": {
    "action_time": "2022-12-18T23:20:31.006Z",
    "user": 1,
    "content_type": 3,
    "object_id": "29",
    "object_repr": "Ночь не спал",
    "action_flag": 2,
    "change_message": "[{\"changed\": {\"fields\": [\"\\u0417\\u0430\\u0433\\u043e\\u043b\\u043e\\u0432\\u043e\\u043a\", \"\\u0422\\u0435\\u043a\\u0441\\u0442\"]}}]"
  }
},
{
  "model": "admin.logentry",
  "pk": 60,
  "fields": {
    "action_time": "2022-12-18T23:20:46.260Z",
    "user": 1,
    "content_type": 3,
    "object_id": "28",
    "object_repr": "Колышкин",
    "action_flag": 2,
    "change_message": "[{\"changed\": {\"fields\": [\"\\u0417\\u0430\\u0433\\u043e\\u043b\\u043e\\u0432\\u043e\\u043a\", \"\\u0422\\u0435\\u043a\\u0441\\u0442\"]}}]"
  }
},
{
  "model": "admin.logentry",
  "pk": 61,
  "fields": {
    "action_time": "2022-12-18T23:21:06.124Z",
    "user": 1,
    "content_type": 3,
    "object_id": "27",
    "object_repr": "Пообедали в трактире",
    "action_flag": 2,
    "change_message": "[{\"changed\": {\"fields\": [\"\\u0417\\u0430\\u0433\\u043e\\u043b\\u043e\\u0432\\u043e\\u043a\", \"\\u0422\\u0435\\u043a\\u0441\\u0442\"]}}]"
  }
},
{
  "model": "admin.logentry",
  "pk": 62,
  "fields": {
    "action_time": "2022-12-18T23:21:22.691Z",
    "user": 1,
    "content_type": 3,
    "object_id": "26",
    "object_repr": "Просидел весь день дома",
    "action_flag": 2,
    "change_message": "[{\"changed\": {\"fields\": [\"\\u0417\\u0430\\u0433\\u043e\\u043b\\u043e\\u0432\\u043e\\u043a\", \"\\u0422\\u0435\\u043a\\u0441\\u0442\"]}}]"
  }
},
{
  "model": "admin.logentry",
  "pk": 63,
  "fields": {
    "action_time": "2022-12-18T23:21:40.921Z",
    "user": 1,
    "content_type": 3,
    "object_id": "25",
    "object_repr": "Ходили за Тьмаку.",
    "action_flag": 2,
    "change_message": "[{\"changed\": {\"fields\": [\"\\u0417\\u0430\\u0433\\u043e\\u043b\\u043e\\u0432\\u043e\\u043a\", \"\\u0422\\u0435\\u043a\\u0441\\u0442\"]}}]"
  }
},
{
  "model": "admin.logentry",
  "pk": 64,
  "fields": {
    "action_time": "2022-12-18T23:22:13.740Z",
    "user": 1,
    "content_type": 3,
    "object_id": "24",
    "object_repr": "Отдохнули",
    "action_flag": 2,
    "change_message": "[{\"changed\": {\"fields\": [\"\\u0417\\u0430\\u0433\\u043e\\u043b\\u043e\\u0432\\u043e\\u043a\", \"\\u0422\\u0435\\u043a\\u0441\\u0442\"]}}]"
  }
},
{
  "model": "admin.logentry",
  "pk": 65,
  "fields": {
    "action_time": "2022-12-18T23:22:35.245Z",
    "user": 1,
    "content_type": 3,
    "object_id": "23",
    "object_repr": "Покупки",
    "action_flag": 2,
    "change_message": "[{\"changed\": {\"fields\": [\"\\u0417\\u0430\\u0433\\u043e\\u043b\\u043e\\u0432\\u043e\\u043a\", \"\\u0422\\u0435\\u043a\\u0441\\u0442\"]}}]"
  }
},
{
  "model": "admin.logentry",
  "pk": 66,
  "fields": {
    "action_time": "2022-12-19T00:21:21.071Z",
    "user": 1,
    "content_type": 3,
    "object_id": "22",
    "object_repr": "Кража",
    "action_flag": 2,
    "change_message": "[{\"changed\": {\"fields\": [\"\\u041e\\u043f\\u0443\\u0431\\u043b\\u0438\\u043a\\u043e\\u0432\\u0430\\u043d\\u043e\"]}}]"
  }
},
{
  "model": "admin.logentry",
  "pk": 67,
  "fields": {
    "action_time": "2022-12-19T00:22:06.675Z",
    "user": 1,
    "content_type": 3,
    "object_id": "22",
    "object_repr": "Кража",
    "action_flag": 2,
    "change_message": "[{\"changed\": {\"fields\": [\"\\u041e\\u043f\\u0443\\u0431\\u043b\\u0438\\u043a\\u043e\\u0432\\u0430\\u043d\\u043e\"]}}]"
  }
},
{
  "model": "admin.logentry",
  "pk": 68,
  "fields": {
    "action_time": "2022-12-19T00:24:29.718Z",
    "user": 1,
    "content_type": 1,
    "object_id": "3",
    "object_repr": "Наблюдения",
    "action_flag": 2,
    "change_message": "[{\"changed\": {\"fields\": [\"\\u041e\\u043f\\u0443\\u0431\\u043b\\u0438\\u043a\\u043e\\u0432\\u0430\\u043d\\u043e\"]}}]"
  }
},
{
  "model": "admin.logentry",
  "pk": 69,
  "fields": {
    "action_time": "2022-12-19T00:27:51.967Z",
    "user": 1,
    "content_type": 1,
    "object_id": "3",
    "object_repr": "Наблюдения",
    "action_flag": 2,
    "change_message": "[{\"changed\": {\"fields\": [\"\\u041e\\u043f\\u0443\\u0431\\u043b\\u0438\\u043a\\u043e\\u0432\\u0430\\u043d\\u043e\"]}}]"
  }
},
{
  "model": "admin.logentry",
  "pk": 70,
  "fields": {
    "action_time": "2022-12-19T13:08:14.521Z",
    "user": 1,
    "content_type": 1,
    "object_id": "6",
    "object_repr": "Работа",
    "action_flag": 2,
    "change_message": "[{\"changed\": {\"fields\": [\"\\u041e\\u043f\\u0438\\u0441\\u0430\\u043d\\u0438\\u0435\"]}}]"
  }
},
{
  "model": "admin.logentry",
  "pk": 71,
  "fields": {
    "action_time": "2022-12-19T13:08:35.070Z",
    "user": 1,
    "content_type": 1,
    "object_id": "4",
    "object_repr": "Посиделки",
    "action_flag": 2,
    "change_message": "[{\"changed\": {\"fields\": [\"\\u041e\\u043f\\u0438\\u0441\\u0430\\u043d\\u0438\\u0435\"]}}]"
  }
},
{
  "model": "admin.logentry",
  "pk": 72,
  "fields": {
    "action_time": "2022-12-19T13:08:57.899Z",
    "user": 1,
    "content_type": 1,
    "object_id": "3",
    "object_repr": "Наблюдения",
    "action_flag": 2,
    "change_message": "[{\"changed\": {\"fields\": [\"\\u041e\\u043f\\u0438\\u0441\\u0430\\u043d\\u0438\\u0435\"]}}]"
  }
},
{
  "model": "admin.logentry",
  "pk": 73,
  "fields": {
    "action_time": "2022-12-19T13:09:11.646Z",
    "user": 1,
    "content_type": 1,
    "object_id": "2",
    "object_repr": "Здоровье",
    "action_flag": 2,
    "change_message": "[{\"changed\": {\"fields\": [\"\\u041e\\u043f\\u0438\\u0441\\u0430\\u043d\\u0438\\u0435\"]}}]"
  }
},
{
  "model": "admin.logentry",
  "pk": 74,
  "fields": {
    "action_time": "2022-12-19T15:39:22.191Z",
    "user": 1,
    "content_type": 1,
    "object_id": "3",
    "object_repr": "Наблюдения",
    "action_flag": 2,
    "change_message": "[{\"changed\": {\"fields\": [\"\\u041e\\u043f\\u0443\\u0431\\u043b\\u0438\\u043a\\u043e\\u0432\\u0430\\u043d\\u043e\"]}}]"
  }
},
{
  "model": "admin.logentry",
  "pk": 75,
  "fields": {
    "action_time": "2022-12-19T15:40:46.489Z",
    "user": 1,
    "content_type": 1,
    "object_id": "3",
    "object_repr": "Наблюдения",
    "action_flag": 2,
    "change_message": "[{\"changed\": {\"fields\": [\"\\u041e\\u043f\\u0443\\u0431\\u043b\\u0438\\u043a\\u043e\\u0432\\u0430\\u043d\\u043e\"]}}]"
  }
},
{
  "model": "auth.permission",
  "pk": 1,
  "fields": {
    "name": "Can add категория",
    "content_type": 1,
    "codename": "add_category"
  }
},
{
  "model": "auth.permission",
  "pk": 2,
  "fields": {
    "name": "Can change категория",
    "content_type": 1,
    "codename": "change_category"
  }
},
{
  "model": "auth.permission",
  "pk": 3,
  "fields": {
    "name": "Can delete категория",
    "content_type": 1,
    "codename": "delete_category"
  }
},
{
  "model": "auth.permission",
  "pk": 4,
  "fields": {
    "name": "Can view категория",
    "content_type": 1,
    "codename": "view_category"
  }
},
{
  "model": "auth.permission",
  "pk": 5,
  "fields": {
    "name": "Can add местоположение",
    "content_type": 2,
    "codename": "add_location"
  }
},
{
  "model": "auth.permission",
  "pk": 6,
  "fields": {
    "name": "Can change местоположение",
    "content_type": 2,
    "codename": "change_location"
  }
},
{
  "model": "auth.permission",
  "pk": 7,
  "fields": {
    "name": "Can delete местоположение",
    "content_type": 2,
    "codename": "delete_location"
  }
},
{
  "model": "auth.permission",
  "pk": 8,
  "fields": {
    "name": "Can view местоположение",
    "content_type": 2,
    "codename": "view_location"
  }
},
{
  "model": "auth.permission",
  "pk": 9,
  "fields": {
    "name": "Can add публикация",
    "content_type": 3,
    "codename": "add_post"
  }
},
{
  "model": "auth.permission",
  "pk": 10,
  "fields": {
    "name": "Can change публикация",
    "content_type": 3,
    "codename": "change_post"
  }
},
{
  "model": "auth.permission",
  "pk": 11,
  "fields": {
    "name": "Can delete публикация",
    "content_type": 3,
    "codename": "delete_post"
  }
},
{
  "model": "auth.permission",
  "pk": 12,
  "fields": {
    "name": "Can view публикация",
    "content_type": 3,
    "codename": "view_post"
  }
},
{
  "model": "auth.permission",
  "pk": 13,
  "fields": {
    "name": "Can add log entry",
    "content_type": 4,
    "codename": "add_logentry"
  }
},
{
  "model": "auth.permission",
  "pk": 14,
  "fields": {
    "name": "Can change log entry",
    "content_type": 4,
    "codename": "change_logentry"
  }
},
{
  "model": "auth.permission",
  "pk": 15,
  "fields": {
    "name": "Can delete log entry",
    "content_type": 4,
    "codename": "delete_logentry"
  }
},
{
  "model": "auth.permission",
  "pk": 16,
  "fields": {
    "name": "Can view log entry",
    "content_type": 4,
    "codename": "view_logentry"
  }
},
{
  "model": "auth.permission",
  "pk": 17,
  "fields": {
    "name": "Can add permission",
    "content_type": 5,
    "codename": "add_permission"
  }
},
{
  "model": "auth.permission",
  "pk": 18,
  "fields": {
    "name": "Can change permission",
    "content_type": 5,
    "codename": "change_permission"
  }
},
{
  "model": "auth.permission",
  "pk": 19,
  "fields": {
    "name": "Can delete permission",
    "content_type": 5,
    "codename": "delete_permission"
  }
},
{
  "model": "auth.permission",
  "pk": 20,
  "fields": {
    "name": "Can view permission",
    "content_type": 5,
    "codename": "view_permission"
  }
},
{
  "model": "auth.permission",
  "pk": 21,
  "fields": {
    "name": "Can add group",
    "content_type": 6,
    "codename": "add_group"
  }
},
{
  "model": "auth.permission",
  "pk": 22,
  "fields": {
    "name": "Can change group",
    "content_type": 6,
    "codename": "change_group"
  }
},
{
  "model": "auth.permission",
  "pk": 23,
  "fields": {
    "name": "Can delete group",
    "content_type": 6,
    "codename": "delete_group"
  }
},
{
  "model": "auth.permission",
  "pk": 24,
  "fields": {
    "name": "Can view group",
    "content_type": 6,
    "codename": "view_group"
  }
},
{
  "model": "auth.permission",
  "pk": 25,
  "fields": {
    "name": "Can add user",
    "content_type": 7,
    "codename": "add_user"
  }
},
{
  "model": "auth.permission",
  "pk": 26,
  "fields": {
    "name": "Can change user",
    "content_type": 7,
    "codename": "change_user"
  }
},
{
  "model": "auth.permission",
  "pk": 27,
  "fields": {
    "name": "Can delete user",
    "content_type": 7,
    "codename": "delete_user"
  }
},
{
  "model": "auth.permission",
  "pk": 28,
  "fields": {
    "name": "Can view user",
    "content_type": 7,
    "codename": "view_user"
  }
},
{
  "model": "auth.permission",
  "pk": 29,
  "fields": {
    "name": "Can add content type",
    "content_type": 8,
    "codename": "add_contenttype"
  }
},
{
  "model": "auth.permission",
  "pk": 30,
  "fields": {
    "name": "Can change content type",
    "content_type": 8,
    "codename": "change_contenttype"
  }
},
{
  "model": "auth.permission",
  "pk": 31,
  "fields": {
    "name": "Can delete content type",
    "content_type": 8,
    "codename": "delete_contenttype"
  }
},
{
  "model": "auth.permission",
  "pk": 32,
  "fields": {
    "name": "Can view content type",
    "content_type": 8,
    "codename": "view_contenttype"
  }
},
{
  "model": "auth.permission",
  "pk": 33,
  "fields": {
    "name": "Can add session",
    "content_type": 9,
    "codename": "add_session"
  }
},
{
  "model": "auth.permission",
  "pk": 34,
  "fields": {
    "name": "Can change session",
    "content_type": 9,
    "codename": "change_session"
  }
},
{
  "model": "auth.permission",
  "pk": 35,
  "fields": {
    "name": "Can delete session",
    "content_type": 9,
    "codename": "delete_session"
  }
},
{
  "model": "auth.permission",
  "pk": 36,
  "fields": {
    "name": "Can view session",
    "content_type": 9,
    "codename": "view_session"
  }
},
{
  "model": "auth.user",
  "pk": 1,
  "fields": {
    "password": "pbkdf2_sha256$260000$wkDQh0H0DlA9aVurNkbKY8$Tvo4+TT25kNKFF1sZQ0NlJHYVMOM5UAe42VNeJxmtnY=",
    "last_login": "2022-12-18T22:58:02.841Z",
    "is_superuser": true,
    "username": "admin",
    "first_name": "",
    "last_name": "",
    "email": "ya@ya.ru",
    "is_staff": true,
    "is_active": true,
    "date_joined": "2022-12-18T22:57:29.299Z",
    "groups": [],
    "user_permissions": []
  }
},
{
  "model": "auth.user",
  "pk": 2,
  "fields": {
    "password": "pbkdf2_sha256$260000$Bpi81SWpSA0HDt0G2ofnLt$UdEDuX7nim2Yhd6efVEh86wYueoZVPEI3hdsA1WD3iw=",
    "last_login": null,
    "is_superuser": false,
    "username": "leo",
    "first_name": "Лев",
    "last_name": "Толстой",
    "email": "",
    "is_staff": false,
    "is_active": true,
    "date_joined": "2022-12-18T22:58:32Z",
    "groups": [],
    "user_permissions": []
  }
},
{
  "model": "auth.user",
  "pk": 3,
  "fields": {
    "password": "pbkdf2_sha256$260000$30YLQ8AWERcPtAreVHb3IV$pNwoym7Ukiy8ZNv9L8dF3qMXB4yfJObqIsm/yNu6CrA=",
    "last_login": null,
    "is_superuser": false,
    "username": "anton",
    "first_name": "Антон",
    "last_name": "Чехов",
    "email": "",
    "is_staff": false,
    "is_active": true,
    "date_joined": "2022-12-18T22:58:46Z",
    "groups": [],
    "user_permissions": []
  }
},
{
  "model": "auth.user",
  "pk": 4,
  "fields": {
    "password": "pbkdf2_sha256$260000$bpKvE13bEr0QIlBHTGHT1w$hOiqumJnImTh1RRyS5JYpm3kfT6xjHw7NC8Ss8ePIKY=",
    "last_login": null,
    "is_superuser": false,
    "username": "alex",
    "first_name": "Александр",
    "last_name": "Островский",
    "email": "",
    "is_staff": false,
    "is_active": true,
    "date_joined": "2022-12-18T22:58:58Z",
    "groups": [],
    "user_permissions": []
  }
},
{
  "model": "sessions.session",
  "pk": "533s8zgj27g7dlfdiszles0j366u5f7e",
  "fields": {
    "session_data": ".eJxVjDsOwjAQBe_iGln-26Gkzxmi9e4aB1As5VMh7k4ipYD2zcx7iwG2tQ7bwvMwkrgKLS6_WwZ88nQAesB0bxLbtM5jlociT7rIvhG_bqf7d1BhqXvNiC6jAyA2vvjcJYyonS4hJMWsnCLLSAELlVi6rLzu0FpSJu26ieLzBRyyOMM:1p72ba:LAe-slAAK1-8xsaD-1zKhBO4iIlnZX7-u0PFzqwcoKY",
    "expire_date": "2023-01-01T22:58:02.843Z"
  }
}
]
